{"accuracy/top1": 75.69573211669922, "accuracy/top5": 95.82559967041016, "data_time": 0.021747862591462976, "time": 0.3091551977045396}